"Date and Time","IP Address","Visitor_Label","Browser","Version","OS","Resolution","Country","Region","City","Postal Code","ISP","Returning Count","Type","URL","Page Title","Came From","SE Name","SE Host","SE Term","Type"
"2018-01-23 20:16:39","194.94.209.92","","Firefox","57.0","Linux","2560x1440","Germany","","","","Verein zur Foerderung eines Deutschen Forschungsne","2","page view","https://support.astron.nl/LOFARImagingCookbook/dpppcalibrate.html","Gain calibration with DPPP — LOFAR Imaging Cookbook 22.0 documentation","","","","",""
"2018-01-23 16:25:43","51.171.43.88","","Firefox","57.0","Win10","1366x768","United Kingdom","","","","Eircom","0","page view","https://support.astron.nl/LOFARImagingCookbook/","Welcome to LOFAR Imaging Cookbook’s documentation! — LOFAR Imaging Cookbook 22.0 documentation","","","","",""
"2018-01-23 10:32:45","145.18.169.94","","Chrome","63.0","OS X","1920x1080","Netherlands","Noord-Holland","Amsterdam","1000","Universiteit van Amsterdam","3","page view","https://support.astron.nl/LOFARImagingCookbook/factor.html","Factor: Facet Calibration for LOFAR — LOFAR Imaging Cookbook 22.0 documentation","https://support.astron.nl/LOFARImagingCookbook/index.html","","","",""
"2018-01-23 10:01:18","145.18.169.94","","","","","","","","","","","0","download","https://support.astron.nl/LOFARImagingCookbook/index.html","","https://support.astron.nl/LOFARImagingCookbook/index.html","","","",""
"2018-01-23 10:01:10","145.18.169.94","","Chrome","63.0","OS X","1920x1080","Netherlands","Noord-Holland","Amsterdam","1000","Universiteit van Amsterdam","2","page view","https://support.astron.nl/LOFARImagingCookbook/index.html","Welcome to LOFAR Imaging Cookbook’s documentation! — LOFAR Imaging Cookbook 22.0 documentation","https://support.astron.nl/LOFARImagingCookbook/losoto.html","","","",""
"2018-01-23 10:01:06","145.18.169.94","","Chrome","63.0","OS X","1920x1080","Netherlands","Noord-Holland","Amsterdam","1000","Universiteit van Amsterdam","2","page view","https://support.astron.nl/LOFARImagingCookbook/gettingstarted.html","Introduction to LOFAR computing facilities — LOFAR Imaging Cookbook 22.0 documentation","https://support.astron.nl/LOFARImagingCookbook/index.html","","","",""
"2018-01-23 10:01:01","145.18.169.94","","Chrome","63.0","OS X","1920x1080","Netherlands","Noord-Holland","Amsterdam","1000","Universiteit van Amsterdam","2","page view","https://support.astron.nl/LOFARImagingCookbook/index.html","Welcome to LOFAR Imaging Cookbook’s documentation! — LOFAR Imaging Cookbook 22.0 documentation","https://support.astron.nl/LOFARImagingCookbook/losoto.html","","","",""
"2018-01-23 10:00:37","145.18.169.94","","Chrome","63.0","OS X","1920x1080","Netherlands","Noord-Holland","Amsterdam","1000","Universiteit van Amsterdam","2","page view","https://support.astron.nl/LOFARImagingCookbook/losoto.html#losoto-parset","LoSoTo: LOFAR Solution Tool — LOFAR Imaging Cookbook 22.0 documentation","https://support.astron.nl/LOFARImagingCookbook/losoto.html","","","",""
"2018-01-23 10:00:16","145.18.169.94","","Chrome","63.0","OS X","1920x1080","Netherlands","Noord-Holland","Amsterdam","1000","Universiteit van Amsterdam","2","page view","https://support.astron.nl/LOFARImagingCookbook/losoto.html","LoSoTo: LOFAR Solution Tool — LOFAR Imaging Cookbook 22.0 documentation","https://support.astron.nl/LOFARImagingCookbook/factor.html","","","",""
"2018-01-23 08:37:40","145.18.169.94","","","","","","","","","","","0","exit click","https://github.com/lofar-astron/prefactor/wiki","","https://support.astron.nl/LOFARImagingCookbook/factor.html","","","",""
"2018-01-23 08:36:24","145.18.169.94","","","","","","","","","","","0","exit click","https://github.com/lofar-astron/prefactor","","https://support.astron.nl/LOFARImagingCookbook/factor.html","","","",""
"2018-01-23 08:25:38","145.18.169.94","","Chrome","63.0","OS X","1920x1080","Netherlands","Noord-Holland","Amsterdam","1000","Universiteit van Amsterdam","1","page view","https://support.astron.nl/LOFARImagingCookbook/factor.html","Factor: Facet Calibration for LOFAR — LOFAR Imaging Cookbook 22.0 documentation","https://support.astron.nl/LOFARImagingCookbook/search.html?q=prefact&check_keywords=yes&area=default","","","",""
"2018-01-23 08:24:38","145.18.169.94","","Chrome","63.0","OS X","1920x1080","Netherlands","Noord-Holland","Amsterdam","1000","Universiteit van Amsterdam","1","page view","https://support.astron.nl/LOFARImagingCookbook/search.html?q=prefact&check_keywords=yes&area=default","Search — LOFAR Imaging Cookbook 22.0 documentation","https://support.astron.nl/LOFARImagingCookbook/","","","",""
"2018-01-23 08:24:25","145.18.169.94","","Chrome","63.0","OS X","1920x1080","Netherlands","Noord-Holland","Amsterdam","1000","Universiteit van Amsterdam","1","page view","https://support.astron.nl/LOFARImagingCookbook/","Welcome to LOFAR Imaging Cookbook’s documentation! — LOFAR Imaging Cookbook 22.0 documentation","","","","",""
"2018-01-22 20:04:46","51.171.43.88","","Firefox","57.0","Win10","1366x768","United Kingdom","","","","Eircom","0","page view","https://support.astron.nl/LOFARImagingCookbook/","Welcome to LOFAR Imaging Cookbook’s documentation! — LOFAR Imaging Cookbook 22.0 documentation","","","","",""
"2018-01-22 15:01:30","193.1.67.241","","Firefox","57.0","Win10","1366x768","Ireland","","","","HEAnet Limited","0","page view","https://support.astron.nl/LOFARImagingCookbook/","Welcome to LOFAR Imaging Cookbook’s documentation! — LOFAR Imaging Cookbook 22.0 documentation","","","","",""
"2018-01-22 14:39:30","146.50.68.174","","Safari","11.0","OS X","2560x1440","Netherlands","Noord-Holland","Amsterdam","1000","Universiteit van Amsterdam","0","page view","https://support.astron.nl/LOFARImagingCookbook/tutorial.html?highlight=losoto","Practical examples — LOFAR Imaging Cookbook 22.0 documentation","https://support.astron.nl/LOFARImagingCookbook/search.html?q=losoto&check_keywords=yes&area=default","","","",""
"2018-01-22 14:39:27","146.50.68.174","","Safari","11.0","OS X","2560x1440","Netherlands","Noord-Holland","Amsterdam","1000","Universiteit van Amsterdam","0","page view","https://support.astron.nl/LOFARImagingCookbook/search.html?q=losoto&check_keywords=yes&area=default","Search — LOFAR Imaging Cookbook 22.0 documentation","https://support.astron.nl/LOFARImagingCookbook/losoto.html?highlight=h5parm_merge","","","",""
"2018-01-22 14:32:49","146.50.68.174","","Safari","11.0","OS X","2560x1440","Netherlands","Noord-Holland","Amsterdam","1000","Universiteit van Amsterdam","0","page view","https://support.astron.nl/LOFARImagingCookbook/losoto.html?highlight=h5parm_merge","LoSoTo: LOFAR Solution Tool — LOFAR Imaging Cookbook 22.0 documentation","https://support.astron.nl/LOFARImagingCookbook/search.html?q=H5parm_merge&check_keywords=yes&area=default","","","",""
"2018-01-22 14:32:44","146.50.68.174","","Safari","11.0","OS X","2560x1440","Netherlands","Noord-Holland","Amsterdam","1000","Universiteit van Amsterdam","0","page view","https://support.astron.nl/LOFARImagingCookbook/search.html?q=H5parm_merge&check_keywords=yes&area=default#","Search — LOFAR Imaging Cookbook 22.0 documentation","https://support.astron.nl/LOFARImagingCookbook/search.html?q=H5parm_merge.py&check_keywords=yes&area=default","","","",""
"2018-01-22 14:32:39","146.50.68.174","","Safari","11.0","OS X","2560x1440","Netherlands","Noord-Holland","Amsterdam","1000","Universiteit van Amsterdam","0","page view","https://support.astron.nl/LOFARImagingCookbook/search.html?q=H5parm_merge.py&check_keywords=yes&area=default","Search — LOFAR Imaging Cookbook 22.0 documentation","https://support.astron.nl/LOFARImagingCookbook/factor.html?highlight=prefactor","","","",""
"2018-01-22 13:54:43","145.18.169.94","","Chrome","63.0","OS X","1920x1080","Netherlands","Noord-Holland","Amsterdam","1000","Universiteit van Amsterdam","0","page view","https://support.astron.nl/LOFARImagingCookbook/dppp.html","The Default Pre-Processing Pipeline (DPPP) — LOFAR Imaging Cookbook 22.0 documentation","https://support.astron.nl/LOFARImagingCookbook/","","","",""
"2018-01-22 13:52:56","145.18.169.94","","Chrome","63.0","OS X","1920x1080","Netherlands","Noord-Holland","Amsterdam","1000","Universiteit van Amsterdam","0","page view","https://support.astron.nl/LOFARImagingCookbook/","Welcome to LOFAR Imaging Cookbook’s documentation! — LOFAR Imaging Cookbook 22.0 documentation","","","","",""
"2018-01-22 13:52:55","192.87.1.200","","Firefox","57.0","Linux","1600x900","Netherlands","","","","SURFnet bv","1","page view","https://support.astron.nl/LOFARImagingCookbook/bbs.html","Calibration with BBS — LOFAR Imaging Cookbook 22.0 documentation","https://support.astron.nl/LOFARImagingCookbook/factor.html","","","",""
"2018-01-22 13:52:52","192.87.1.200","","Firefox","57.0","Linux","1600x900","Netherlands","","","","SURFnet bv","1","page view","https://support.astron.nl/LOFARImagingCookbook/factor.html","Factor: Facet Calibration for LOFAR — LOFAR Imaging Cookbook 22.0 documentation","https://support.astron.nl/LOFARImagingCookbook/dppp.html","","","",""
"2018-01-22 13:52:49","145.18.169.94","","Chrome","63.0","OS X","1920x1080","Netherlands","Noord-Holland","Amsterdam","1000","Universiteit van Amsterdam","0","page view","https://support.astron.nl/LOFARImagingCookbook/datainspection.html","Data inspection — LOFAR Imaging Cookbook 22.0 documentation","https://support.astron.nl/LOFARImagingCookbook/","","","",""
"2018-01-22 13:52:47","192.87.1.200","","Firefox","57.0","Linux","1600x900","Netherlands","","","","SURFnet bv","1","page view","https://support.astron.nl/LOFARImagingCookbook/dppp.html","The Default Pre-Processing Pipeline (DPPP) — LOFAR Imaging Cookbook 22.0 documentation","https://support.astron.nl/LOFARImagingCookbook/datainspection.html","","","",""
"2018-01-22 13:52:45","145.18.169.94","","Chrome","63.0","OS X","1920x1080","Netherlands","Noord-Holland","Amsterdam","1000","Universiteit van Amsterdam","0","page view","https://support.astron.nl/LOFARImagingCookbook/","Welcome to LOFAR Imaging Cookbook’s documentation! — LOFAR Imaging Cookbook 22.0 documentation","","","","",""
"2018-01-22 13:51:22","192.87.1.200","","Firefox","57.0","Linux","1600x900","Netherlands","","","","SURFnet bv","1","page view","https://support.astron.nl/LOFARImagingCookbook/datainspection.html","Data inspection — LOFAR Imaging Cookbook 22.0 documentation","https://support.astron.nl/LOFARImagingCookbook/","","","",""
"2018-01-22 13:51:11","192.87.1.200","","Firefox","57.0","Linux","1600x900","Netherlands","","","","SURFnet bv","1","page view","https://support.astron.nl/LOFARImagingCookbook/search.html?q=inspection plots&check_keywords=yes&area=default","Search — LOFAR Imaging Cookbook 22.0 documentation","https://support.astron.nl/LOFARImagingCookbook/datainspection.html","","","",""
"2018-01-22 13:50:50","192.87.1.200","","Firefox","57.0","Linux","1600x900","Netherlands","","","","SURFnet bv","1","page view","https://support.astron.nl/LOFARImagingCookbook/datainspection.html","Data inspection — LOFAR Imaging Cookbook 22.0 documentation","https://support.astron.nl/LOFARImagingCookbook/","","","",""
"2018-01-22 13:50:40","192.87.1.200","","Firefox","57.0","Linux","1600x900","Netherlands","","","","SURFnet bv","1","page view","https://support.astron.nl/LOFARImagingCookbook/","Welcome to LOFAR Imaging Cookbook’s documentation! — LOFAR Imaging Cookbook 22.0 documentation","https://www.astron.nl/radio-observatory/lofar/lofar-imaging-cookbook","","","",""
"2018-01-22 13:43:34","145.109.21.231","","","","","","","","","","","0","exit click","https://sourceforge.net/p/wsclean/wiki/Home/","","https://support.astron.nl/LOFARImagingCookbook/wsclean.html","","","",""
"2018-01-22 13:43:30","145.109.21.231","","Firefox","57.0","Linux","1920x1080","Netherlands","Noord-Holland","Amsterdam","1000","Universiteit van Amsterdam","0","page view","https://support.astron.nl/LOFARImagingCookbook/wsclean.html","The WSClean Imager — LOFAR Imaging Cookbook 22.0 documentation","https://support.astron.nl/LOFARImagingCookbook/","","","",""
"2018-01-22 13:43:24","145.109.21.231","","Firefox","57.0","Linux","1920x1080","Netherlands","Noord-Holland","Amsterdam","1000","Universiteit van Amsterdam","0","page view","https://support.astron.nl/LOFARImagingCookbook/","Welcome to LOFAR Imaging Cookbook’s documentation! — LOFAR Imaging Cookbook 22.0 documentation","https://api-transients.slack.com/messages/C79P3C8TX/","","","",""
"2018-01-22 13:32:06","146.50.68.174","","Safari","11.0","OS X","2560x1440","Netherlands","Noord-Holland","Amsterdam","1000","Universiteit van Amsterdam","0","page view","https://support.astron.nl/LOFARImagingCookbook/factor.html?highlight=prefactor","Factor: Facet Calibration for LOFAR — LOFAR Imaging Cookbook 22.0 documentation","https://support.astron.nl/LOFARImagingCookbook/search.html?q=prefactor&check_keywords=yes&area=default","","","",""
"2018-01-22 13:32:01","146.50.68.174","","Safari","11.0","OS X","2560x1440","Netherlands","Noord-Holland","Amsterdam","1000","Universiteit van Amsterdam","0","page view","https://support.astron.nl/LOFARImagingCookbook/search.html?q=prefactor&check_keywords=yes&area=default","Search — LOFAR Imaging Cookbook 22.0 documentation","https://support.astron.nl/LOFARImagingCookbook/","","","",""
"2018-01-22 13:21:47","146.50.68.174","","Safari","11.0","OS X","2560x1440","Netherlands","Noord-Holland","Amsterdam","1000","Universiteit van Amsterdam","0","page view","https://support.astron.nl/LOFARImagingCookbook/","Welcome to LOFAR Imaging Cookbook’s documentation! — LOFAR Imaging Cookbook 22.0 documentation","https://www.astron.nl/radio-observatory/lofar/lofar-imaging-cookbook","","","",""
"2018-01-22 12:55:49","192.87.1.200","","Firefox","57.0","OS X","1440x900","Netherlands","","","","SURFnet bv","0","page view","https://support.astron.nl/LOFARImagingCookbook/gettingstarted.html","Introduction to LOFAR computing facilities — LOFAR Imaging Cookbook 22.0 documentation","https://support.astron.nl/LOFARImagingCookbook/","","","",""
"2018-01-22 12:53:00","192.87.1.200","","Firefox","57.0","OS X","1440x900","Netherlands","","","","SURFnet bv","0","page view","https://support.astron.nl/LOFARImagingCookbook/","Welcome to LOFAR Imaging Cookbook’s documentation! — LOFAR Imaging Cookbook 22.0 documentation","https://www.astron.nl/radio-observatory/lofar/lofar-imaging-cookbook","","","",""
"2018-01-22 12:17:53","193.1.66.154","","Firefox","57.0","Win10","1366x768","Ireland","","","","HEAnet Limited","0","page view","https://support.astron.nl/LOFARImagingCookbook/","Welcome to LOFAR Imaging Cookbook’s documentation! — LOFAR Imaging Cookbook 22.0 documentation","","","","",""
"2018-01-21 22:18:16","217.120.106.223","","Firefox","57.0","Linux","1920x1080","Netherlands","","","","Ziggo","0","page view","https://support.astron.nl/LOFARImagingCookbook/","Welcome to LOFAR Imaging Cookbook’s documentation! — LOFAR Imaging Cookbook 22.0 documentation","","","","",""
"2018-01-21 20:51:46","51.171.43.88","","Firefox","57.0","Win10","1366x768","United Kingdom","","","","Eircom","0","page view","https://support.astron.nl/LOFARImagingCookbook/","Welcome to LOFAR Imaging Cookbook’s documentation! — LOFAR Imaging Cookbook 22.0 documentation","","","","",""
"2018-01-21 19:06:28","51.171.43.88","","Firefox","57.0","Win10","1366x768","United Kingdom","","","","Eircom","0","page view","https://support.astron.nl/LOFARImagingCookbook/","Welcome to LOFAR Imaging Cookbook’s documentation! — LOFAR Imaging Cookbook 22.0 documentation","","","","",""
"2018-01-21 14:57:01","46.11.99.247","","","","","","","","","","","0","exit click","http://www.lofar.org/wiki/doku.php?id=public: user_software:documentation:standard_imaging_pipeline","","https://support.astron.nl/LOFARImagingCookbook/resources.html","","","",""
"2018-01-21 14:56:58","46.11.99.247","","Chrome","62.0","Linux","1920x1080","Malta","","","","GO P.L.C.","0","page view","https://support.astron.nl/LOFARImagingCookbook/resources.html","Useful resources — LOFAR Imaging Cookbook 22.0 documentation","https://support.astron.nl/LOFARImagingCookbook/dppp.html","","","",""
"2018-01-21 14:56:40","46.11.99.247","","Chrome","62.0","Linux","1920x1080","Malta","","","","GO P.L.C.","0","page view","https://support.astron.nl/LOFARImagingCookbook/dppp.html","The Default Pre-Processing Pipeline (DPPP) — LOFAR Imaging Cookbook 22.0 documentation","https://support.astron.nl/LOFARImagingCookbook/aoflagger.html","","","",""
"2018-01-21 14:56:10","46.11.99.247","","Chrome","62.0","Linux","1920x1080","Malta","","","","GO P.L.C.","0","page view","https://support.astron.nl/LOFARImagingCookbook/aoflagger.html","AOFlagger — LOFAR Imaging Cookbook 22.0 documentation","https://support.astron.nl/LOFARImagingCookbook/dppp.html","","","",""
"2018-01-21 14:55:08","46.11.99.247","","Chrome","62.0","Linux","1920x1080","Malta","","","","GO P.L.C.","0","page view","https://support.astron.nl/LOFARImagingCookbook/dppp.html","The Default Pre-Processing Pipeline (DPPP) — LOFAR Imaging Cookbook 22.0 documentation","https://support.astron.nl/LOFARImagingCookbook/","","","",""
"2018-01-21 14:54:42","46.11.99.247","","Chrome","62.0","Linux","1920x1080","Malta","","","","GO P.L.C.","0","page view","https://support.astron.nl/LOFARImagingCookbook/","Welcome to LOFAR Imaging Cookbook’s documentation! — LOFAR Imaging Cookbook 22.0 documentation","https://www.astron.nl/radio-observatory/lofar/lofar-imaging-cookbook","","","",""
"2018-01-21 13:57:15","51.171.43.88","","Firefox","57.0","Win10","1366x768","United Kingdom","","","","Eircom","0","page view","https://support.astron.nl/LOFARImagingCookbook/","Welcome to LOFAR Imaging Cookbook’s documentation! — LOFAR Imaging Cookbook 22.0 documentation","","","","",""
"2018-01-21 12:15:52","51.171.43.88","","Firefox","57.0","Win10","1366x768","United Kingdom","","","","Eircom","0","page view","https://support.astron.nl/LOFARImagingCookbook/","Welcome to LOFAR Imaging Cookbook’s documentation! — LOFAR Imaging Cookbook 22.0 documentation","","","","",""
"2018-01-21 12:15:14","51.171.43.88","","Firefox","57.0","Win10","1366x768","United Kingdom","","","","Eircom","0","page view","https://support.astron.nl/LOFARImagingCookbook/","Welcome to LOFAR Imaging Cookbook’s documentation! — LOFAR Imaging Cookbook 22.0 documentation","","","","",""
"2018-01-21 01:02:06","51.171.43.88","","Firefox","57.0","Win10","1366x768","United Kingdom","","","","Eircom","2","page view","https://support.astron.nl/LOFARImagingCookbook/datainspection.html","Data inspection — LOFAR Imaging Cookbook 22.0 documentation","https://support.astron.nl/LOFARImagingCookbook/","","","",""
"2018-01-21 01:01:18","51.171.43.88","","Firefox","57.0","Win10","1366x768","United Kingdom","","","","Eircom","2","page view","https://support.astron.nl/LOFARImagingCookbook/","Welcome to LOFAR Imaging Cookbook’s documentation! — LOFAR Imaging Cookbook 22.0 documentation","","","","",""
"2018-01-20 22:11:25","51.171.43.88","","Firefox","57.0","Win10","1366x768","United Kingdom","","","","Eircom","0","page view","https://support.astron.nl/LOFARImagingCookbook/","Welcome to LOFAR Imaging Cookbook’s documentation! — LOFAR Imaging Cookbook 22.0 documentation","","","","",""
"2018-01-20 13:43:42","51.171.43.88","","Firefox","57.0","Win10","1366x768","United Kingdom","","","","Eircom","0","page view","https://support.astron.nl/LOFARImagingCookbook/","Welcome to LOFAR Imaging Cookbook’s documentation! — LOFAR Imaging Cookbook 22.0 documentation","","","","",""
"2018-01-20 03:04:47","51.171.43.88","","Firefox","57.0","Win10","1366x768","United Kingdom","","","","Eircom","1","page view","https://support.astron.nl/LOFARImagingCookbook/tutorial.html","Practical examples — LOFAR Imaging Cookbook 22.0 documentation","https://support.astron.nl/LOFARImagingCookbook/","","","",""
"2018-01-20 02:35:46","51.171.43.88","","Firefox","57.0","Win10","1366x768","United Kingdom","","","","Eircom","0","page view","https://support.astron.nl/LOFARImagingCookbook/","Welcome to LOFAR Imaging Cookbook’s documentation! — LOFAR Imaging Cookbook 22.0 documentation","","","","",""
"2018-01-20 02:35:35","51.171.43.88","","","","","","","","","","","0","download","https://support.astron.nl/LOFARImagingCookbook/","","https://support.astron.nl/LOFARImagingCookbook/","","","",""
"2018-01-20 02:34:03","51.171.43.88","","","","","","","","","","","0","download","https://support.astron.nl/LOFARImagingCookbook/","","https://support.astron.nl/LOFARImagingCookbook/","","","",""
"2018-01-20 02:33:53","51.171.43.88","","Firefox","57.0","Win10","1366x768","United Kingdom","","","","Eircom","0","page view","https://support.astron.nl/LOFARImagingCookbook/","Welcome to LOFAR Imaging Cookbook’s documentation! — LOFAR Imaging Cookbook 22.0 documentation","https://www.astron.nl/radio-observatory/lofar/lofar-imaging-cookbook","","","",""
"2018-01-19 18:45:01","217.120.106.223","","Firefox","57.0","Linux","1920x1080","Netherlands","","","","Ziggo","0","page view","https://support.astron.nl/LOFARImagingCookbook/","Welcome to LOFAR Imaging Cookbook’s documentation! — LOFAR Imaging Cookbook 22.0 documentation","","","","",""
"2018-01-19 14:47:19","192.87.1.200","","Firefox","57.0","Linux","1600x900","Netherlands","","","","SURFnet bv","0","page view","https://support.astron.nl/LOFARImagingCookbook/datainspection.html?highlight=drawer","Data inspection — LOFAR Imaging Cookbook 22.0 documentation","https://support.astron.nl/LOFARImagingCookbook/search.html?q=DRAWER&check_keywords=yes&area=default","","","",""
"2018-01-19 14:46:17","192.87.1.200","","","","","","","","","","","0","exit click","mailto:vvacca@mpa-garching.mpg.de","","https://support.astron.nl/LOFARImagingCookbook/datainspection.html?highlight=drawer","","","",""
"2018-01-19 14:46:14","192.87.1.200","","","","","","","","","","","0","exit click","mailto:vvacca@mpa-garching.mpg.de","","https://support.astron.nl/LOFARImagingCookbook/datainspection.html?highlight=drawer","","","",""
"2018-01-19 14:43:52","192.87.1.200","","Firefox","57.0","Linux","1600x900","Netherlands","","","","SURFnet bv","0","page view","https://support.astron.nl/LOFARImagingCookbook/datainspection.html?highlight=drawer","Data inspection — LOFAR Imaging Cookbook 22.0 documentation","https://support.astron.nl/LOFARImagingCookbook/search.html?q=DRAWER&check_keywords=yes&area=default","","","",""
"2018-01-19 14:43:48","192.87.1.200","","Firefox","57.0","Linux","1600x900","Netherlands","","","","SURFnet bv","0","page view","https://support.astron.nl/LOFARImagingCookbook/search.html?q=DRAWER&check_keywords=yes&area=default","Search — LOFAR Imaging Cookbook 22.0 documentation","https://support.astron.nl/LOFARImagingCookbook/","","","",""
"2018-01-19 14:43:29","192.87.1.200","","Firefox","57.0","Linux","1600x900","Netherlands","","","","SURFnet bv","0","page view","https://support.astron.nl/LOFARImagingCookbook/","Welcome to LOFAR Imaging Cookbook’s documentation! — LOFAR Imaging Cookbook 22.0 documentation","https://www.astron.nl/radio-observatory/lofar/lofar-imaging-cookbook","","","",""
"2018-01-19 11:15:25","132.229.223.194","","","","","","","","","","","0","download","https://support.astron.nl/LOFARImagingCookbook/","","https://support.astron.nl/LOFARImagingCookbook/","","","",""
"2018-01-19 11:15:18","132.229.223.194","","Safari","11.0","OS X","1440x900","Netherlands","Zuid-Holland","Leiden","2300","Universiteit Leiden","0","page view","https://support.astron.nl/LOFARImagingCookbook/","Welcome to LOFAR Imaging Cookbook’s documentation! — LOFAR Imaging Cookbook 22.0 documentation","","","","",""
"2018-01-19 08:45:27","192.87.1.200","","Firefox","57.0","Linux","1920x1080","Netherlands","","","","SURFnet bv","0","page view","https://support.astron.nl/LOFARImagingCookbook/","Welcome to LOFAR Imaging Cookbook’s documentation! — LOFAR Imaging Cookbook 22.0 documentation","","","","",""
"2018-01-18 22:32:11","94.212.4.246","","Opera","50.0","Win10","2560x1440","Netherlands","","","","Ziggo","0","page view","https://support.astron.nl/LOFARImagingCookbook/","Welcome to LOFAR Imaging Cookbook’s documentation! — LOFAR Imaging Cookbook 22.0 documentation","http://www.astron.nl/dailyimage/main.php?date=20180117","","","",""
"2018-01-18 22:32:02","94.212.4.246","","Opera","50.0","Win10","2560x1440","Netherlands","","","","Ziggo","0","page view","https://support.astron.nl/LOFARImagingCookbook/gettingstarted.html","Introduction to LOFAR computing facilities — LOFAR Imaging Cookbook 22.0 documentation","https://support.astron.nl/LOFARImagingCookbook/","","","",""
"2018-01-18 22:31:02","94.212.4.246","","","","","","","","","","","0","download","https://support.astron.nl/LOFARImagingCookbook/","","https://support.astron.nl/LOFARImagingCookbook/","","","",""
"2018-01-18 22:30:53","94.212.4.246","","Opera","50.0","Win10","2560x1440","Netherlands","","","","Ziggo","0","page view","https://support.astron.nl/LOFARImagingCookbook/","Welcome to LOFAR Imaging Cookbook’s documentation! — LOFAR Imaging Cookbook 22.0 documentation","http://www.astron.nl/dailyimage/main.php?date=20180117","","","",""
"2018-01-18 21:49:20","217.120.106.223","","Firefox","57.0","Linux","1920x1080","Netherlands","","","","Ziggo","0","page view","https://support.astron.nl/LOFARImagingCookbook/","Welcome to LOFAR Imaging Cookbook’s documentation! — LOFAR Imaging Cookbook 22.0 documentation","","","","",""
"2018-01-18 16:33:31","146.50.68.151","","Safari","10.0","OS X","1280x800","Netherlands","Noord-Holland","Amsterdam","1000","Universiteit van Amsterdam","0","page view","https://support.astron.nl/LOFARImagingCookbook/sourcedetection.html","Source detection and sky model manipulation: PyBDSF and LSMTool — LOFAR Imaging Cookbook 22.0 documentation","https://support.astron.nl/LOFARImagingCookbook/","","","",""
"2018-01-18 16:26:48","194.94.209.92","","Firefox","57.0","Linux","2560x1440","Germany","","","","Verein zur Foerderung eines Deutschen Forschungsne","0","page view","https://support.astron.nl/LOFARImagingCookbook/dpppcalibrate.html","Gain calibration with DPPP — LOFAR Imaging Cookbook 22.0 documentation","","","","",""
"2018-01-18 16:06:42","194.94.209.92","","Firefox","57.0","Linux","1920x1080","Germany","","","","Verein zur Foerderung eines Deutschen Forschungsne","1","page view","https://support.astron.nl/LOFARImagingCookbook/dpppcalibrate.html","Gain calibration with DPPP — LOFAR Imaging Cookbook 22.0 documentation","","","","",""
"2018-01-18 15:51:11","62.194.184.142","","Safari","10.0","OS X","1280x800","Netherlands","","","","UPC NL","0","page view","https://support.astron.nl/LOFARImagingCookbook/awimager.html","The AW Imager — LOFAR Imaging Cookbook 22.0 documentation","","","","",""
"2018-01-18 15:51:05","62.194.184.142","","Safari","10.0","OS X","1280x800","Netherlands","","","","UPC NL","0","page view","https://support.astron.nl/LOFARImagingCookbook/resources.html","Useful resources — LOFAR Imaging Cookbook 22.0 documentation","","","","",""
"2018-01-18 15:51:05","62.194.184.142","","Safari","10.0","OS X","1280x800","Netherlands","","","","UPC NL","0","page view","https://support.astron.nl/LOFARImagingCookbook/factor.html","Factor: Facet Calibration for LOFAR — LOFAR Imaging Cookbook 22.0 documentation","","","","",""
"2018-01-18 14:58:44","192.87.1.200","","Chrome","63.0","Linux","1920x1080","Netherlands","","","","SURFnet bv","1","page view","https://support.astron.nl/LOFARImagingCookbook/gettingstarted.html","Introduction to LOFAR computing facilities — LOFAR Imaging Cookbook 22.0 documentation","https://support.astron.nl/LOFARImagingCookbook/","","","",""
"2018-01-18 14:58:43","192.87.1.200","","Chrome","63.0","Linux","1920x1080","Netherlands","","","","SURFnet bv","1","page view","https://support.astron.nl/LOFARImagingCookbook/","Welcome to LOFAR Imaging Cookbook’s documentation! — LOFAR Imaging Cookbook 22.0 documentation","","","","",""
"2018-01-18 13:44:10","192.87.1.200","","Safari","11.0","OS X","1440x900","Netherlands","","","","SURFnet bv","0","page view","https://support.astron.nl/LOFARImagingCookbook/datainspection.html","Data inspection — LOFAR Imaging Cookbook 22.0 documentation","https://support.astron.nl/LOFARImagingCookbook/gettingstarted.html","","","",""
"2018-01-18 13:37:11","192.87.1.200","","Safari","11.0","OS X","1440x900","Netherlands","","","","SURFnet bv","0","page view","https://support.astron.nl/LOFARImagingCookbook/gettingstarted.html","Introduction to LOFAR computing facilities — LOFAR Imaging Cookbook 22.0 documentation","https://support.astron.nl/LOFARImagingCookbook/","","","",""
"2018-01-18 13:36:41","192.87.1.200","","Safari","11.0","OS X","1440x900","Netherlands","","","","SURFnet bv","0","page view","https://support.astron.nl/LOFARImagingCookbook/","Welcome to LOFAR Imaging Cookbook’s documentation! — LOFAR Imaging Cookbook 22.0 documentation","http://www.astron.nl/dailyimage/main.php?date=20180117","","","",""
"2018-01-18 13:21:44","194.94.209.116","","Firefox","52.0","Linux","2560x1440","Germany","","","","Verein zur Foerderung eines Deutschen Forschungsne","1","page view","https://support.astron.nl/LOFARImagingCookbook/dpppcalibrate.html","Gain calibration with DPPP — LOFAR Imaging Cookbook 22.0 documentation","https://support.astron.nl/LOFARImagingCookbook/","","","",""
"2018-01-18 12:06:07","194.94.209.92","","Firefox","57.0","Linux","2560x1440","Germany","","","","Verein zur Foerderung eines Deutschen Forschungsne","0","page view","https://support.astron.nl/LOFARImagingCookbook/dpppcalibrate.html","Gain calibration with DPPP — LOFAR Imaging Cookbook 22.0 documentation","https://www.google.de/","Google","www.google.de","***Encrypted Search***",""
"2018-01-18 11:44:24","192.87.1.200","","","","","","","","","","","0","download","https://support.astron.nl/LOFARImagingCookbook/","","https://support.astron.nl/LOFARImagingCookbook/","","","",""
"2018-01-18 11:43:29","192.87.1.200","","SeaMonkey","2.48","OS X","1680x1050","Netherlands","","","","SURFnet bv","0","page view","https://support.astron.nl/LOFARImagingCookbook/","Welcome to LOFAR Imaging Cookbook’s documentation! — LOFAR Imaging Cookbook 22.0 documentation","","","","",""
"2018-01-18 10:27:37","194.94.209.116","","","","","","","","","","","0","download","https://support.astron.nl/LOFARImagingCookbook/","","https://support.astron.nl/LOFARImagingCookbook/","","","",""
"2018-01-18 10:27:36","194.94.209.116","","Firefox","52.0","Linux","2560x1440","Germany","","","","Verein zur Foerderung eines Deutschen Forschungsne","0","page view","https://support.astron.nl/LOFARImagingCookbook/","Welcome to LOFAR Imaging Cookbook’s documentation! — LOFAR Imaging Cookbook 22.0 documentation","","","","",""
"2018-01-18 10:15:33","192.87.1.200","","Firefox","52.0","Linux","1920x1080","Netherlands","","","","SURFnet bv","0","page view","https://support.astron.nl/LOFARImagingCookbook/dppp.html","The Default Pre-Processing Pipeline (DPPP) — LOFAR Imaging Cookbook 22.0 documentation","https://support.astron.nl/LOFARImagingCookbook/","","","",""
"2018-01-18 10:15:25","192.87.1.200","","Firefox","52.0","Linux","1920x1080","Netherlands","","","","SURFnet bv","0","page view","https://support.astron.nl/LOFARImagingCookbook/","Welcome to LOFAR Imaging Cookbook’s documentation! — LOFAR Imaging Cookbook 22.0 documentation","https://www.astron.nl/radio-observatory/lofar/lofar-imaging-cookbook","","","",""
"2018-01-18 09:59:17","192.87.1.200","","Firefox","57.0","Linux","1920x1080","Netherlands","","","","SURFnet bv","0","page view","https://support.astron.nl/LOFARImagingCookbook/","Welcome to LOFAR Imaging Cookbook’s documentation! — LOFAR Imaging Cookbook 22.0 documentation","","","","",""
"2018-01-17 23:06:25","83.162.44.163","","Firefox","57.0","Linux","2048x1152","Netherlands","","","","XS4ALL Internet BV","0","page view","https://support.astron.nl/LOFARImagingCookbook/","Welcome to LOFAR Imaging Cookbook’s documentation! — LOFAR Imaging Cookbook 22.0 documentation","https://github.com/bartscheers/gsm","","","",""
"2018-01-17 20:09:03","217.120.106.223","","Firefox","57.0","Linux","1920x1080","Netherlands","","","","Ziggo","0","page view","https://support.astron.nl/LOFARImagingCookbook/","Welcome to LOFAR Imaging Cookbook’s documentation! — LOFAR Imaging Cookbook 22.0 documentation","","","","",""
"2018-01-17 16:57:38","192.87.1.200","","Firefox","57.0","Win8.1","1920x1200","Netherlands","","","","SURFnet bv","0","page view","https://support.astron.nl/LOFARImagingCookbook/shapelets.html","Sky Model Construction Using Shapelets — LOFAR Imaging Cookbook 22.0 documentation","https://support.astron.nl/LOFARImagingCookbook/","","","",""
"2018-01-17 16:38:38","213.184.20.81","","","","","","","","","","","0","download","https://support.astron.nl/LOFARImagingCookbook/","","https://support.astron.nl/LOFARImagingCookbook/","","","",""
"2018-01-17 16:38:36","213.184.20.81","","","","","","","","","","","0","download","https://support.astron.nl/LOFARImagingCookbook/","","https://support.astron.nl/LOFARImagingCookbook/","","","",""
"2018-01-17 16:38:34","213.184.20.81","","Firefox","57.0","Win8.1","1366x768","Poland","Warminsko-Mazurskie","Olsztyn","10-001","University of Warmia and Mazury in Olsztyn, Poland","1","page view","https://support.astron.nl/LOFARImagingCookbook/","Welcome to LOFAR Imaging Cookbook’s documentation! — LOFAR Imaging Cookbook 22.0 documentation","http://www.astron.nl/dailyimage/main.php","","","",""
"2018-01-17 15:34:22","192.87.1.200","","Firefox","57.0","Linux","1920x1080","Netherlands","","","","SURFnet bv","0","page view","https://support.astron.nl/LOFARImagingCookbook/","Welcome to LOFAR Imaging Cookbook’s documentation! — LOFAR Imaging Cookbook 22.0 documentation","","","","",""
"2018-01-17 15:34:13","192.87.1.200","","Firefox","57.0","Linux","1920x1080","Netherlands","","","","SURFnet bv","0","page view","https://support.astron.nl/LOFARImagingCookbook/","Welcome to LOFAR Imaging Cookbook’s documentation! — LOFAR Imaging Cookbook 22.0 documentation","http://www.astron.nl/dailyimage/main.php","","","",""
"2018-01-17 15:27:35","213.184.20.81","","Firefox","57.0","Win8.1","1366x768","Poland","Warminsko-Mazurskie","Olsztyn","10-001","University of Warmia and Mazury in Olsztyn, Poland","0","page view","https://support.astron.nl/LOFARImagingCookbook/tutorial.html","Practical examples — LOFAR Imaging Cookbook 22.0 documentation","https://support.astron.nl/LOFARImagingCookbook/","","","",""
"2018-01-17 15:27:23","213.184.20.81","","Firefox","57.0","Win8.1","1366x768","Poland","Warminsko-Mazurskie","Olsztyn","10-001","University of Warmia and Mazury in Olsztyn, Poland","0","page view","https://support.astron.nl/LOFARImagingCookbook/","Welcome to LOFAR Imaging Cookbook’s documentation! — LOFAR Imaging Cookbook 22.0 documentation","http://www.astron.nl/dailyimage/main.php","","","",""
"2018-01-17 14:53:44","83.162.44.163","","Firefox","57.0","Linux","2048x1152","Netherlands","","","","XS4ALL Internet BV","0","page view","https://support.astron.nl/LOFARImagingCookbook/resources.html","Useful resources — LOFAR Imaging Cookbook 22.0 documentation","https://support.astron.nl/LOFARImagingCookbook/acknowledgements.html","","","",""
"2018-01-17 14:53:19","83.162.44.163","","Firefox","57.0","Linux","2048x1152","Netherlands","","","","XS4ALL Internet BV","0","page view","https://support.astron.nl/LOFARImagingCookbook/acknowledgements.html","Acknowledgements — LOFAR Imaging Cookbook 22.0 documentation","https://support.astron.nl/LOFARImagingCookbook/gettingstarted.html","","","",""
"2018-01-17 14:42:14","83.162.44.163","","Firefox","57.0","Linux","2048x1152","Netherlands","","","","XS4ALL Internet BV","0","page view","https://support.astron.nl/LOFARImagingCookbook/gettingstarted.html","Introduction to LOFAR computing facilities — LOFAR Imaging Cookbook 22.0 documentation","https://support.astron.nl/LOFARImagingCookbook/tutorial.html","","","",""
"2018-01-17 14:42:09","83.162.44.163","","Firefox","57.0","Linux","2048x1152","Netherlands","","","","XS4ALL Internet BV","0","page view","https://support.astron.nl/LOFARImagingCookbook/tutorial.html","Practical examples — LOFAR Imaging Cookbook 22.0 documentation","https://support.astron.nl/LOFARImagingCookbook/bbs.html","","","",""
"2018-01-17 14:41:36","83.162.44.163","","Firefox","57.0","Linux","2048x1152","Netherlands","","","","XS4ALL Internet BV","0","page view","https://support.astron.nl/LOFARImagingCookbook/bbs.html","Calibration with BBS — LOFAR Imaging Cookbook 22.0 documentation","https://support.astron.nl/LOFARImagingCookbook/","","","",""
"2018-01-17 14:40:56","83.162.44.163","","","","","","","","","","","0","download","https://support.astron.nl/LOFARImagingCookbook/","","https://support.astron.nl/LOFARImagingCookbook/","","","",""
"2018-01-17 14:40:51","83.162.44.163","","Firefox","57.0","Linux","2048x1152","Netherlands","","","","XS4ALL Internet BV","0","page view","https://support.astron.nl/LOFARImagingCookbook/","Welcome to LOFAR Imaging Cookbook’s documentation! — LOFAR Imaging Cookbook 22.0 documentation","","","","",""
"2018-01-17 14:40:00","83.162.44.163","","Firefox","57.0","Linux","2048x1152","Netherlands","","","","XS4ALL Internet BV","0","page view","https://support.astron.nl/LOFARImagingCookbook/sourcedetection.html","Source detection and sky model manipulation: PyBDSF and LSMTool — LOFAR Imaging Cookbook 22.0 documentation","https://support.astron.nl/LOFARImagingCookbook/","","","",""
"2018-01-17 14:39:47","83.162.44.163","","Firefox","57.0","Linux","2048x1152","Netherlands","","","","XS4ALL Internet BV","0","page view","https://support.astron.nl/LOFARImagingCookbook/","Welcome to LOFAR Imaging Cookbook’s documentation! — LOFAR Imaging Cookbook 22.0 documentation","","","","",""
"2018-01-17 13:17:38","81.205.250.253","","","","","","","","","","","0","download","https://support.astron.nl/LOFARImagingCookbook/","","https://support.astron.nl/LOFARImagingCookbook/","","","",""
"2018-01-17 13:17:30","81.205.250.253","","Edge","16.16","Win10","1366x768","Netherlands","","","","KPN","0","page view","https://support.astron.nl/LOFARImagingCookbook/","Welcome to LOFAR Imaging Cookbook’s documentation! — LOFAR Imaging Cookbook 22.0 documentation","http://www.astron.nl/dailyimage/main.php","","","",""
"2018-01-17 12:59:36","145.238.174.116","","","","","","","","","","","0","download","https://support.astron.nl/LOFARImagingCookbook/","","https://support.astron.nl/LOFARImagingCookbook/","","","",""
"2018-01-17 12:59:31","145.238.174.116","","Safari","10.1","OS X","1920x1200","France","Ile-de-France","Meudon","92190","Observatoire de Paris","0","page view","https://support.astron.nl/LOFARImagingCookbook/","Welcome to LOFAR Imaging Cookbook’s documentation! — LOFAR Imaging Cookbook 22.0 documentation","","","","",""
"2018-01-17 12:40:52","62.194.184.142","","Safari","10.0","OS X","1280x800","Netherlands","","","","UPC NL","0","page view","https://support.astron.nl/LOFARImagingCookbook/","Welcome to LOFAR Imaging Cookbook’s documentation! — LOFAR Imaging Cookbook 22.0 documentation","","","","",""
"2018-01-17 12:25:39","129.125.249.22","","Chrome","60.0","Linux","1920x1080","Netherlands","Groningen","Groningen","9700","Rijksuniversiteit Groningen","0","page view","https://support.astron.nl/LOFARImagingCookbook/shapelets.html","Sky Model Construction Using Shapelets — LOFAR Imaging Cookbook 22.0 documentation","https://support.astron.nl/LOFARImagingCookbook/","","","",""
"2018-01-17 12:25:26","129.125.249.22","","Chrome","60.0","Linux","1920x1080","Netherlands","Groningen","Groningen","9700","Rijksuniversiteit Groningen","0","page view","https://support.astron.nl/LOFARImagingCookbook/","Welcome to LOFAR Imaging Cookbook’s documentation! — LOFAR Imaging Cookbook 22.0 documentation","","","","",""
"2018-01-17 12:24:14","145.118.95.81","","","","","","","","","","","0","download","https://support.astron.nl/LOFARImagingCookbook/","","https://support.astron.nl/LOFARImagingCookbook/","","","",""
"2018-01-17 12:23:44","145.118.95.81","","Safari","10.1","OS X","1440x900","Netherlands","Zuid-Holland","Leiden","2300","Leiden University","0","page view","https://support.astron.nl/LOFARImagingCookbook/","Welcome to LOFAR Imaging Cookbook’s documentation! — LOFAR Imaging Cookbook 22.0 documentation","","","","",""
"2018-01-17 12:20:59","85.194.1.52","","","","","","","","","","","0","download","https://support.astron.nl/LOFARImagingCookbook/","","https://support.astron.nl/LOFARImagingCookbook/","","","",""
"2018-01-17 12:20:50","85.194.1.52","","Safari","11.0","OS X","1440x900","Sweden","","","","Com Hem AB","0","page view","https://support.astron.nl/LOFARImagingCookbook/dpppcalibrate.html","Gain calibration with DPPP — LOFAR Imaging Cookbook 22.0 documentation","https://support.astron.nl/LOFARImagingCookbook/","","","",""
"2018-01-17 12:20:43","85.194.1.52","","Safari","11.0","OS X","1440x900","Sweden","","","","Com Hem AB","0","page view","https://support.astron.nl/LOFARImagingCookbook/","Welcome to LOFAR Imaging Cookbook’s documentation! — LOFAR Imaging Cookbook 22.0 documentation","","","","",""
"2018-01-17 12:20:03","85.194.1.52","","Safari","11.0","OS X","1440x900","Sweden","","","","Com Hem AB","0","page view","https://support.astron.nl/LOFARImagingCookbook/","Welcome to LOFAR Imaging Cookbook’s documentation! — LOFAR Imaging Cookbook 22.0 documentation","","","","",""
"2018-01-17 11:34:02","192.87.1.200","","Chrome","63.0","Linux","1920x1080","Netherlands","","","","SURFnet bv","0","page view","https://support.astron.nl/LOFARImagingCookbook/bbs.html","Calibration with BBS — LOFAR Imaging Cookbook 22.0 documentation","https://support.astron.nl/LOFARImagingCookbook/","","","",""
